0,199,1100111111111111110111111111111111001111111111111101111111111111110011111111111111011111111111111100,0,0.000
1,111,1111100000000000000000000001101111111000000000000000000000011011111110000000000000000000000110111111,872,14.780
2,148,1111100100000000000000000001101111111001000000000000000000011011111110010000000000000000000110111111,967,578.120
3,2,1111100001000000000000000001101111111000010000000000000000011011111110000100000000000000000110111111,980,674.560
4,162,1111110000000000000000000001101111111100000000000000000000011011111111000000000000000000000110111111,977,750.125
5,123,1111100001000000000000000001101111111000010000000000000000011011111110000100000000000000000110111111,980,787.240
6,105,1111100001000000000000000001101111111000010000000000000000011011111110000100000000000000000110111111,980,814.010
7,153,1111100001000000000000000001101111111000010000000000000000011011111110000100000000000000000110111111,980,843.185
8,192,1111100100000000000000000001101111111001000000000000000000011011111110010000000000000000000110111111,967,865.745
9,197,1111100100000000000000000001101111111001000000000000000000011011111110010000000000000000000110111111,967,877.500
10,198,1111100100000000000000000001101111111001000000000000000000011011111110010000000000000000000110111111,967,880.995
11,103,1111100000000100000001000101100111111000000001000000010001011001111110000000010000000100010110011111,1007,892.035
12,198,1111100100000000000000000001101111111001000000000000000000011011111110010000000000000000000110111111,967,879.235
13,196,1111100100000000000000000001101111111001000000000000000000011011111110010000000000000000000110111111,967,909.135
14,198,1111100100000000000000000001101111111001000000000000000000011011111110010000000000000000000110111111,967,911.165
15,195,1111100100000000000000000001101111111001000000000000000000011011111110010000000000000000000110111111,967,897.840
16,74,1111100100000000000000100001101111111001000000000000001000011011111110010000000000000010000110111111,1066,918.675
17,188,1111100100000000000000100001101111111001000000000000001000011011111110010000000000000010000110111111,1066,932.640
18,165,1111100100000000000000100001101111111001000000000000001000011011111110010000000000000010000110111111,1066,919.595
19,199,1111100100000000000000000001101111111001000000000000000000011011111110010000000000000000000110111111,967,925.475
20,199,1111100100000000000000000001101111111001000000000000000000011011111110010000000000000000000110111111,967,909.325
21,181,1111100100000000000000100001101111111001000000000000001000011011111110010000000000000010000110111111,1066,921.405
22,196,1111100100000000000000100001101111111001000000000000001000011011111110010000000000000010000110111111,1066,927.665
23,199,1111100100000000000000000001101111111001000000000000000000011011111110010000000000000000000110111111,967,924.275
24,150,1111100100000000000000100001101111111001000000000000001000011011111110010000000000000010000110111111,1066,941.005
25,198,1111100100000000000000100001101111111001000000000000001000011011111110010000000000000010000110111111,1066,913.540
26,182,1111100100000000000000100001101111111001000000000000001000011011111110010000000000000010000110111111,1066,925.670
27,109,1111100100000000000000100001101111111001000000000000001000011011111110010000000000000010000110111111,1066,925.155
28,119,1111100100000000000000100001101111111001000000000000001000011011111110010000000000000010000110111111,1066,913.225
29,121,1111100100000000000000100001101111111001000000000000001000011011111110010000000000000010000110111111,1066,925.010
30,75,1111100100000000000000100001101111111001000000000000001000011011111110010000000000000010000110111111,1066,923.370
31,113,1111100100000000000000100001101111111001000000000000001000011011111110010000000000000010000110111111,1066,927.830
32,14,1111100100010000000000000000101111111001000100000000000000001011111110010001000000000000000010111111,983,930.930
33,199,1111100100000000000000000001101111111001000000000000000000011011111110010000000000000000000110111111,967,914.225
34,199,1111100100000000000000000001101111111001000000000000000000011011111110010000000000000000000110111111,967,927.300
35,81,1111101100000000000000000001100111111011000000000000000000011001111110110000000000000000000110011111,983,939.820
36,125,1111100100000000100000000001100111111001000000001000000000011001111110010000000010000000000110011111,987,934.350
37,189,1111100000010000000000100001101111111000000100000000001000011011111110000001000000000010000110111111,1052,943.380
38,173,1111100100000000100000000001100111111001000000001000000000011001111110010000000010000000000110011111,987,944.135
39,97,1111100100000000100000000001100111111001000000001000000000011001111110010000000010000000000110011111,987,943.055
40,193,1111100100000000100000000001100111111001000000001000000000011001111110010000000010000000000110011111,987,938.235
41,197,1111100100000000100000000001100111111001000000001000000000011001111110010000000010000000000110011111,987,927.455
42,156,1111100100000000100000000001100111111001000000001000000000011001111110010000000010000000000110011111,987,913.195
43,133,1111100100100000100000000001100111111001001000001000000000011001111110010010000010000000000110011111,1041,923.400
44,42,1111100100100000100000000001100111111001001000001000000000011001111110010010000010000000000110011111,1041,940.760
45,160,1111100000010000000000100001101111111000000100000000001000011011111110000001000000000010000110111111,1052,927.150
46,172,1111100000010000000000100001101111111000000100000000001000011011111110000001000000000010000110111111,1052,933.585
47,157,1111100000010000000000100001101111111000000100000000001000011011111110000001000000000010000110111111,1052,934.385
48,140,1111100000010000000000100001101111111000000100000000001000011011111110000001000000000010000110111111,1052,932.935
49,126,1111100100000000100000100001001111111001000000001000001000010011111110010000000010000010000100111111,1065,930.425
50,73,1111100100000000100000100001001111111001000000001000001000010011111110010000000010000010000100111111,1065,950.640
51,169,1111100100000000100000100001001111111001000000001000001000010011111110010000000010000010000100111111,1065,936.145
52,146,1111100100000000100000100001001111111001000000001000001000010011111110010000000010000010000100111111,1065,956.905
53,184,1111100100000000100000100001001111111001000000001000001000010011111110010000000010000010000100111111,1065,969.685
54,46,1111100100000000000000100001101111111001000000000000001000011011111110010000000000000010000110111111,1066,930.145
55,182,1111100100000000000000100001101111111001000000000000001000011011111110010000000000000010000110111111,1066,940.935
56,141,1111100100000000000000100001101111111001000000000000001000011011111110010000000000000010000110111111,1066,954.245
57,191,1111100000010000000000100001101111111000000100000000001000011011111110000001000000000010000110111111,1052,929.905
58,199,1111100000010000000000100001101111111000000100000000001000011011111110000001000000000010000110111111,1052,948.090
59,199,1111100000010000000000100001101111111000000100000000001000011011111110000001000000000010000110111111,1052,953.790
60,30,1111100000010000100000100001100111111000000100001000001000011001111110000001000010000010000110011111,1072,968.200
61,191,1111100000010000100000100001100111111000000100001000001000011001111110000001000010000010000110011111,1072,954.575
62,78,1111100000010000100000100001100111111000000100001000001000011001111110000001000010000010000110011111,1072,967.190
63,163,1111100000010000100000100001100111111000000100001000001000011001111110000001000010000010000110011111,1072,966.500
64,179,1111100000010000100000100001100111111000000100001000001000011001111110000001000010000010000110011111,1072,966.995
65,55,1111110100000000100000000001100111111101000000001000000000011001111111010000000010000000000110011111,1092,979.985
66,34,1111100000010000100000100001100111111000000100001000001000011001111110000001000010000010000110011111,1072,968.835
67,51,1111100000010000100000100001100111111000000100001000001000011001111110000001000010000010000110011111,1072,966.675
68,97,1111100000010000100000100001100111111000000100001000001000011001111110000001000010000010000110011111,1072,966.440
69,181,1111100000010000100000100001100111111000000100001000001000011001111110000001000010000010000110011111,1072,963.620
70,79,1111100001010000100000000001100111111000010100001000000000011001111110000101000010000000000110011111,1081,998.490
71,199,1111100001010000100000000001100111111000010100001000000000011001111110000101000010000000000110011111,1081,996.960
72,96,1111100100000000000000100001101111111001000000000000001000011011111110010000000000000010000110111111,1066,954.595
73,182,1111100100000000000000100001101111111001000000000000001000011011111110010000000000000010000110111111,1066,988.220
74,168,1111100100000000000000100001101111111001000000000000001000011011111110010000000000000010000110111111,1066,1005.445
75,166,1111100100000000000000100001101111111001000000000000001000011011111110010000000000000010000110111111,1066,1009.495
76,103,1111100100000000000000100001101111111001000000000000001000011011111110010000000000000010000110111111,1066,1002.740
77,199,1111100000010000000000100001101111111000000100000000001000011011111110000001000000000010000110111111,1052,1012.575
78,199,1111100000010000000000100001101111111000000100000000001000011011111110000001000000000010000110111111,1052,999.865
79,199,1111100000010000000000100001101111111000000100000000001000011011111110000001000000000010000110111111,1052,1023.360
80,199,1111100000010000000000100001101111111000000100000000001000011011111110000001000000000010000110111111,1052,1002.050
81,199,1111100000010000000000100001101111111000000100000000001000011011111110000001000000000010000110111111,1052,1025.830
82,197,1111100000010000000000100001101111111000000100000000001000011011111110000001000000000010000110111111,1052,1007.040
83,198,1111100000010000000000100001101111111000000100000000001000011011111110000001000000000010000110111111,1052,990.335
84,199,1111100000010000000000100001101111111000000100000000001000011011111110000001000000000010000110111111,1052,1034.360
85,199,1111100000010000000000100001101111111000000100000000001000011011111110000001000000000010000110111111,1052,1032.700
86,53,1111100000010000000001100001101011111000000100000000011000011010111110000001000000000110000110101111,1060,1031.430
87,29,1111100000010000000000100000111111111000000100000000001000001111111110000001000000000010000011111111,1069,1030.965
88,86,1111100000010000000001100000101111111000000100000000011000001011111110000001000000000110000010111111,1053,1020.350
89,168,1111100000010000000001100000101111111000000100000000011000001011111110000001000000000110000010111111,1053,1019.570
90,199,1111100000010000000000100001101111111000000100000000001000011011111110000001000000000010000110111111,1052,1020.385
91,199,1111100000010000000000100001101111111000000100000000001000011011111110000001000000000010000110111111,1052,1035.150
92,199,1111100000010000000000100001101111111000000100000000001000011011111110000001000000000010000110111111,1052,1033.855
93,199,1111100000010000000000100001101111111000000100000000001000011011111110000001000000000010000110111111,1052,1035.995
94,199,1111100000010000000000100001101111111000000100000000001000011011111110000001000000000010000110111111,1052,1008.890
95,199,1111100000010000000000100001101111111000000100000000001000011011111110000001000000000010000110111111,1052,1018.905
96,199,1111100000010000000000100001101111111000000100000000001000011011111110000001000000000010000110111111,1052,1011.760
97,199,1111100000010000000000100001101111111000000100000000001000011011111110000001000000000010000110111111,1052,1017.810
98,199,1111100000010000000000100001101111111000000100000000001000011011111110000001000000000010000110111111,1052,1015.315
99,199,1111100000010000000000100001101111111000000100000000001000011011111110000001000000000010000110111111,1052,1031.050
100,198,1111100000010000000000100001101111111000000100000000001000011011111110000001000000000010000110111111,1052,1028.180
101,199,1111100000010000000000100001101111111000000100000000001000011011111110000001000000000010000110111111,1052,1021.900
102,199,1111100000010000000000100001101111111000000100000000001000011011111110000001000000000010000110111111,1052,996.965
103,199,1111100000010000000000100001101111111000000100000000001000011011111110000001000000000010000110111111,1052,1021.115
104,199,1111100000010000000000100001101111111000000100000000001000011011111110000001000000000010000110111111,1052,1011.805
105,199,1111100000010000000000100001101111111000000100000000001000011011111110000001000000000010000110111111,1052,1005.165
106,199,1111100000010000000000100001101111111000000100000000001000011011111110000001000000000010000110111111,1052,1011.940
107,199,1111100000010000000000100001101111111000000100000000001000011011111110000001000000000010000110111111,1052,1023.115
108,199,1111100000010000000000100001101111111000000100000000001000011011111110000001000000000010000110111111,1052,1040.050
109,199,1111100000010000000000100001101111111000000100000000001000011011111110000001000000000010000110111111,1052,1028.050
110,199,1111100000010000000000100001101111111000000100000000001000011011111110000001000000000010000110111111,1052,1041.275
111,199,1111100000010000000000100001101111111000000100000000001000011011111110000001000000000010000110111111,1052,1029.100
112,199,1111100000010000000000100001101111111000000100000000001000011011111110000001000000000010000110111111,1052,1008.725
113,199,1111100000010000000000100001101111111000000100000000001000011011111110000001000000000010000110111111,1052,1023.110
114,199,1111100000010000000000100001101111111000000100000000001000011011111110000001000000000010000110111111,1052,1038.595
115,199,1111100000010000000000100001101111111000000100000000001000011011111110000001000000000010000110111111,1052,1018.410
116,199,1111100000010000000000100001101111111000000100000000001000011011111110000001000000000010000110111111,1052,1000.840
117,199,1111100000010000000000100001101111111000000100000000001000011011111110000001000000000010000110111111,1052,1004.640
118,105,1111110000010000000000100001101011111100000100000000001000011010111111000001000000000010000110101111,1099,1011.060
119,198,1111110000010000000000100001101011111100000100000000001000011010111111000001000000000010000110101111,1099,1039.515
120,135,1111110000010000000000100001101011111100000100000000001000011010111111000001000000000010000110101111,1099,1028.225
121,142,1111110000010000000000100001101011111100000100000000001000011010111111000001000000000010000110101111,1099,1043.835
122,176,1111110000010000000000100001101011111100000100000000001000011010111111000001000000000010000110101111,1099,1023.180
123,169,1111110000010000000000100001101011111100000100000000001000011010111111000001000000000010000110101111,1099,1035.275
124,186,1111110000010000000000100001101011111100000100000000001000011010111111000001000000000010000110101111,1099,1023.465
125,163,1111110000010000000000100001101011111100000100000000001000011010111111000001000000000010000110101111,1099,1033.800
126,198,1111110000010000000000100001101011111100000100000000001000011010111111000001000000000010000110101111,1099,1018.510
127,175,1111110000010000000000100001101011111100000100000000001000011010111111000001000000000010000110101111,1099,1032.495
128,192,1111110000010000000000100001101011111100000100000000001000011010111111000001000000000010000110101111,1099,1043.320
129,166,1111110000010000000000100001101011111100000100000000001000011010111111000001000000000010000110101111,1099,1018.200
130,157,1111100000010000000000100101101011111000000100000000001001011010111110000001000000000010010110101111,1064,1029.470
131,94,1111100000010000000000100101101011111000000100000000001001011010111110000001000000000010010110101111,1064,1013.190
132,129,1111100000010000000000100101101011111000000100000000001001011010111110000001000000000010010110101111,1064,1036.780
133,169,1111100000010000000000100101101011111000000100000000001001011010111110000001000000000010010110101111,1064,1032.640
134,175,1111100000010000000000100101101011111000000100000000001001011010111110000001000000000010010110101111,1064,1019.055
135,58,1111100000010000000000100101101011111000000100000000001001011010111110000001000000000010010110101111,1064,1020.135
136,199,1111100000010000000000100001101111111000000100000000001000011011111110000001000000000010000110111111,1052,1018.740
137,199,1111100000010000000000100001101111111000000100000000001000011011111110000001000000000010000110111111,1052,1023.825
138,127,1111100000010000100000100001101011111000000100001000001000011010111110000001000010000010000110101111,1084,1032.735
139,162,1111100000010000100000100001101011111000000100001000001000011010111110000001000010000010000110101111,1084,1014.020
140,159,1111100000010000100000100001101011111000000100001000001000011010111110000001000010000010000110101111,1084,1032.880
141,118,1111100000010000100000100001101011111000000100001000001000011010111110000001000010000010000110101111,1084,1010.745
142,149,1111100000010000100000100001101011111000000100001000001000011010111110000001000010000010000110101111,1084,1034.485
143,198,1111100000010000100000100001101011111000000100001000001000011010111110000001000010000010000110101111,1084,1045.720
144,196,1111100000010000100000100001101011111000000100001000001000011010111110000001000010000010000110101111,1084,1031.350
145,198,1111100000010000100000100001101011111000000100001000001000011010111110000001000010000010000110101111,1084,1034.330
146,182,1111100000010000100000100001101011111000000100001000001000011010111110000001000010000010000110101111,1084,1018.280
147,190,1111100000010000100000100001101011111000000100001000001000011010111110000001000010000010000110101111,1084,1041.965
148,180,1111100000010000100000100001101011111000000100001000001000011010111110000001000010000010000110101111,1084,1025.455
149,182,1111100000010000100000100001101011111000000100001000001000011010111110000001000010000010000110101111,1084,1030.775
150,161,1111100000010000100000100001101011111000000100001000001000011010111110000001000010000010000110101111,1084,1019.035
151,196,1111100000010000100000100001101011111000000100001000001000011010111110000001000010000010000110101111,1084,1003.675
152,188,1111100000010000100000100001101011111000000100001000001000011010111110000001000010000010000110101111,1084,1008.410
153,89,1111100000010000100000100001101011111000000100001000001000011010111110000001000010000010000110101111,1084,1023.425
154,154,1111100000010000100000100001101011111000000100001000001000011010111110000001000010000010000110101111,1084,1004.410
155,197,1111100000010000100000100001101011111000000100001000001000011010111110000001000010000010000110101111,1084,1011.840
156,192,1111100000010000100000100001101011111000000100001000001000011010111110000001000010000010000110101111,1084,1007.380
157,196,1111100000010000100000100001101011111000000100001000001000011010111110000001000010000010000110101111,1084,1029.205
158,171,1111100000010000100000100001101011111000000100001000001000011010111110000001000010000010000110101111,1084,1039.715
159,195,1111100000010000100000100001101011111000000100001000001000011010111110000001000010000010000110101111,1084,1025.770
160,196,1111100000010000100000100001101011111000000100001000001000011010111110000001000010000010000110101111,1084,1033.120
161,175,1111100000010000100000100001101011111000000100001000001000011010111110000001000010000010000110101111,1084,1025.470
162,193,1111100000010000100000100001101011111000000100001000001000011010111110000001000010000010000110101111,1084,1039.690
163,175,1111100000010000100000100001101011111000000100001000001000011010111110000001000010000010000110101111,1084,1037.140
164,152,1111100000010000100000100001101011111000000100001000001000011010111110000001000010000010000110101111,1084,1028.990
165,198,1111100000010000000000100001101111111000000100000000001000011011111110000001000000000010000110111111,1052,1028.665
166,199,1111100000010000000000100001101111111000000100000000001000011011111110000001000000000010000110111111,1052,1041.985
167,199,1111100000010000000000100001101111111000000100000000001000011011111110000001000000000010000110111111,1052,1011.680
168,27,1111100000010000010000100001100111111000000100000100001000011001111110000001000001000010000110011111,1061,1016.880
169,114,1111100000010000010000100001100111111000000100000100001000011001111110000001000001000010000110011111,1061,1027.030
170,32,1111100000010000010000100001100111111000000100000100001000011001111110000001000001000010000110011111,1061,1023.465
171,11,1111100000010000010000100001100111111000000100000100001000011001111110000001000001000010000110011111,1061,1034.445
172,199,1111100000010000000000100001101111111000000100000000001000011011111110000001000000000010000110111111,1052,1023.710
173,199,1111100000010000000000100001101111111000000100000000001000011011111110000001000000000010000110111111,1052,1025.210
174,199,1111100000010000000000100001101111111000000100000000001000011011111110000001000000000010000110111111,1052,1014.345
175,199,1111100000010000000000100001101111111000000100000000001000011011111110000001000000000010000110111111,1052,1020.265
176,199,1111100000010000000000100001101111111000000100000000001000011011111110000001000000000010000110111111,1052,1012.025
177,199,1111100000010000000000100001101111111000000100000000001000011011111110000001000000000010000110111111,1052,1039.765
178,199,1111100000010000000000100001101111111000000100000000001000011011111110000001000000000010000110111111,1052,1032.550
179,199,1111100000010000000000100001101111111000000100000000001000011011111110000001000000000010000110111111,1052,1003.495
180,199,1111100000010000000000100001101111111000000100000000001000011011111110000001000000000010000110111111,1052,1005.795
181,41,1111100000010000100000100001100111111000000100001000001000011001111110000001000010000010000110011111,1072,1024.240
182,158,1111100000010000100000100001100111111000000100001000001000011001111110000001000010000010000110011111,1072,1028.795
183,155,1111100000010000100000100001100111111000000100001000001000011001111110000001000010000010000110011111,1072,1024.145
184,198,1111100000010000100000100001100111111000000100001000001000011001111110000001000010000010000110011111,1072,1017.430
185,199,1111100000010000100000100001100111111000000100001000001000011001111110000001000010000010000110011111,1072,1007.905
186,173,1111100000010000100000100001100111111000000100001000001000011001111110000001000010000010000110011111,1072,1014.060
187,195,1111100000010000100000100001100111111000000100001000001000011001111110000001000010000010000110011111,1072,1030.675
188,195,1111100000010000100000100001100111111000000100001000001000011001111110000001000010000010000110011111,1072,1022.000
189,193,1111100000010000100000100001100111111000000100001000001000011001111110000001000010000010000110011111,1072,1026.550
190,192,1111100000010000100000100001100111111000000100001000001000011001111110000001000010000010000110011111,1072,1016.540
191,196,1111100000010000100000100001100111111000000100001000001000011001111110000001000010000010000110011111,1072,1025.445
192,193,1111100000010000100000100001100111111000000100001000001000011001111110000001000010000010000110011111,1072,1014.445
193,191,1111100000010000100000100001100111111000000100001000001000011001111110000001000010000010000110011111,1072,997.900
194,186,1111100000010000100000100001100111111000000100001000001000011001111110000001000010000010000110011111,1072,1001.400
195,147,1111100000010000100000100001110111111000000100001000001000011101111110000001000010000010000111011111,1154,1016.930
196,89,1111100000010000100000100001110111111000000100001000001000011101111110000001000010000010000111011111,1154,1014.920
197,193,1111100000010000100000100001100111111000000100001000001000011001111110000001000010000010000110011111,1072,1013.370
198,196,1111100000010000100000100001100111111000000100001000001000011001111110000001000010000010000110011111,1072,1027.180
199,198,1111100000010000100000100001100111111000000100001000001000011001111110000001000010000010000110011111,1072,1003.535
200,187,1111100000010000100000100001100111111000000100001000001000011001111110000001000010000010000110011111,1072,1023.405
201,199,1111100000010000100000100001100111111000000100001000001000011001111110000001000010000010000110011111,1072,1035.310
202,199,1111100000010000100000100001100111111000000100001000001000011001111110000001000010000010000110011111,1072,1020.425
203,196,1111100000010000100000100001100111111000000100001000001000011001111110000001000010000010000110011111,1072,1022.530
204,76,1111100000010000100000100001110111111000000100001000001000011101111110000001000010000010000111011111,1154,1027.635
205,199,1111100000010000100000100001100111111000000100001000001000011001111110000001000010000010000110011111,1072,1022.510
206,198,1111100000010000100000100001100111111000000100001000001000011001111110000001000010000010000110011111,1072,1023.325
207,199,1111100000010000100000100001100111111000000100001000001000011001111110000001000010000010000110011111,1072,1012.020
208,195,1111100000010000100000100001100111111000000100001000001000011001111110000001000010000010000110011111,1072,1031.175
209,197,1111100000010000100000100001100111111000000100001000001000011001111110000001000010000010000110011111,1072,1006.340
210,188,1111100000010000100000100001100111111000000100001000001000011001111110000001000010000010000110011111,1072,1041.140
211,199,1111100000010000100000100001100111111000000100001000001000011001111110000001000010000010000110011111,1072,1019.810
212,199,1111100000010000100000100001100111111000000100001000001000011001111110000001000010000010000110011111,1072,1018.150
213,73,1111100000010000100100100001100111111000000100001001001000011001111110000001000010010010000110011111,1134,1001.930
214,140,1111100000010000100100100001100111111000000100001001001000011001111110000001000010010010000110011111,1134,1026.785
215,158,1111100000010000100100100001100111111000000100001001001000011001111110000001000010010010000110011111,1134,1029.955
216,199,1111100000010000100000100001100111111000000100001000001000011001111110000001000010000010000110011111,1072,1024.510
217,195,1111100000010000100000100001100111111000000100001000001000011001111110000001000010000010000110011111,1072,1013.200
218,77,1111100000011000100000100001100111111000000110001000001000011001111110000001100010000010000110011111,1093,1029.070
219,195,1111100000010000100000100001100111111000000100001000001000011001111110000001000010000010000110011111,1072,1023.905
220,188,1111100000010000100000100001100111111000000100001000001000011001111110000001000010000010000110011111,1072,1010.245
221,195,1111100000010000100000100001100111111000000100001000001000011001111110000001000010000010000110011111,1072,1002.200
222,195,1111100000010000100000100001100111111000000100001000001000011001111110000001000010000010000110011111,1072,1015.795
223,193,1111100000010000100000100001100111111000000100001000001000011001111110000001000010000010000110011111,1072,1020.110
224,195,1111100000010000100000100001100111111000000100001000001000011001111110000001000010000010000110011111,1072,1026.960
225,198,1111100000010000100000100001100111111000000100001000001000011001111110000001000010000010000110011111,1072,1007.250
226,188,1111100000010000100000100001100111111000000100001000001000011001111110000001000010000010000110011111,1072,1038.125
227,191,1111100000010000100000100001100111111000000100001000001000011001111110000001000010000010000110011111,1072,1032.205
228,33,1111100000011000100000100001100111111000000110001000001000011001111110000001100010000010000110011111,1093,1032.500
229,148,1111100000010000100000100001110111111000000100001000001000011101111110000001000010000010000111011111,1154,1033.700
230,118,1111100000011000100000100001100111111000000110001000001000011001111110000001100010000010000110011111,1093,1032.345
231,64,1111100000011000100000100001100111111000000110001000001000011001111110000001100010000010000110011111,1093,1021.355
232,104,1111100000011000100000100001100111111000000110001000001000011001111110000001100010000010000110011111,1093,1003.825
233,184,1111100000011000100000100001100111111000000110001000001000011001111110000001100010000010000110011111,1093,1029.235
234,47,1111100000011000100000100001100111111000000110001000001000011001111110000001100010000010000110011111,1093,1023.090
235,186,1111100000010000100000100001100111111000000100001000001000011001111110000001000010000010000110011111,1072,1021.760
236,198,1111100000010000100000100001100111111000000100001000001000011001111110000001000010000010000110011111,1072,1021.565
237,121,1111100000010000100000100001110111111000000100001000001000011101111110000001000010000010000111011111,1154,1028.580
238,50,1111100000010000100000100001110111111000000100001000001000011101111110000001000010000010000111011111,1154,1020.210
239,13,1111100000010000100000100001110111111000000100001000001000011101111110000001000010000010000111011111,1154,1032.805
240,161,1111100000010000100000100001100111111000000100001000001000011001111110000001000010000010000110011111,1072,1018.990
241,189,1111100000010000100000100001100111111000000100001000001000011001111110000001000010000010000110011111,1072,1022.905
242,176,1111100000010000100000100001100111111000000100001000001000011001111110000001000010000010000110011111,1072,1007.390
243,62,1111100000010000100000100001110111111000000100001000001000011101111110000001000010000010000111011111,1154,994.395
244,192,1111100000010000100000100001100111111000000100001000001000011001111110000001000010000010000110011111,1072,1015.245
245,191,1111100000010000100001100001100111111000000100001000011000011001111110000001000010000110000110011111,1138,1025.900
246,175,1111100000110000100000100001100111111000001100001000001000011001111110000011000010000010000110011111,1126,1013.705
247,198,1111100000010000100000100001100111111000000100001000001000011001111110000001000010000010000110011111,1072,1005.455
248,196,1111100000010000100000100001100111111000000100001000001000011001111110000001000010000010000110011111,1072,1004.235
249,199,1111100000010000100000100001100111111000000100001000001000011001111110000001000010000010000110011111,1072,1026.120
250,186,1111100000010000100000100001100111111000000100001000001000011001111110000001000010000010000110011111,1072,1015.565
251,182,1111100000010000100000100001100111111000000100001000001000011001111110000001000010000010000110011111,1072,1003.620
252,152,1111100000010000100000100001100111111000000100001000001000011001111110000001000010000010000110011111,1072,1012.915
253,190,1111100000010000100000100001100111111000000100001000001000011001111110000001000010000010000110011111,1072,1018.140
254,144,1111100000010000100000100001100111111000000100001000001000011001111110000001000010000010000110011111,1072,1012.495
255,166,1111100000010000100000100001100111111000000100001000001000011001111110000001000010000010000110011111,1072,1012.195
256,196,1111100000010000100000100001100111111000000100001000001000011001111110000001000010000010000110011111,1072,1017.005
257,135,1111100000010000100000100001100111111000000100001000001000011001111110000001000010000010000110011111,1072,1014.440
258,182,1111100000010000100000100001100111111000000100001000001000011001111110000001000010000010000110011111,1072,1026.855
259,175,1111100000010000100000100001100111111000000100001000001000011001111110000001000010000010000110011111,1072,1033.515
260,198,1111100000010000100000100001100111111000000100001000001000011001111110000001000010000010000110011111,1072,1017.130
261,194,1111100000010000100000100001100111111000000100001000001000011001111110000001000010000010000110011111,1072,1023.815
262,199,1111100000010000000000100001101111111000000100000000001000011011111110000001000000000010000110111111,1052,1023.560
263,199,1111100000010000000000100001101111111000000100000000001000011011111110000001000000000010000110111111,1052,1026.705
264,199,1111100000010000000000100001101111111000000100000000001000011011111110000001000000000010000110111111,1052,1032.590
265,199,1111100000010000000000100001101111111000000100000000001000011011111110000001000000000010000110111111,1052,1026.165
266,199,1111100000010000000000100001101111111000000100000000001000011011111110000001000000000010000110111111,1052,1035.395
267,199,1111100000010000000000100001101111111000000100000000001000011011111110000001000000000010000110111111,1052,1035.735
268,199,1111100000010000000000100001101111111000000100000000001000011011111110000001000000000010000110111111,1052,1020.840
269,199,1111100000010000000000100001101111111000000100000000001000011011111110000001000000000010000110111111,1052,1033.605
270,199,1111100000010000000000100001101111111000000100000000001000011011111110000001000000000010000110111111,1052,1019.945
271,198,1111100000010000000000100001101111111000000100000000001000011011111110000001000000000010000110111111,1052,1021.865
272,199,1111100000010000000000100001101111111000000100000000001000011011111110000001000000000010000110111111,1052,1014.700
273,199,1111100000010000000000100001101111111000000100000000001000011011111110000001000000000010000110111111,1052,1029.075
274,199,1111100000010000000000100001101111111000000100000000001000011011111110000001000000000010000110111111,1052,1021.265
275,199,1111100000010000000000100001101111111000000100000000001000011011111110000001000000000010000110111111,1052,1002.220
276,199,1111100000010000000000100001101111111000000100000000001000011011111110000001000000000010000110111111,1052,1035.870
277,199,1111100000010000000000100001101111111000000100000000001000011011111110000001000000000010000110111111,1052,1037.345
278,199,1111100000010000000000100001101111111000000100000000001000011011111110000001000000000010000110111111,1052,1038.435
279,199,1111100000010000000000100001101111111000000100000000001000011011111110000001000000000010000110111111,1052,1029.270
280,199,1111100000010000000000100001101111111000000100000000001000011011111110000001000000000010000110111111,1052,1019.385
281,199,1111100000010000000000100001101111111000000100000000001000011011111110000001000000000010000110111111,1052,1026.380
282,199,1111100000010000000000100001101111111000000100000000001000011011111110000001000000000010000110111111,1052,1024.130
283,199,1111100000010000000000100001101111111000000100000000001000011011111110000001000000000010000110111111,1052,1023.235
284,199,1111100000010000000000100001101111111000000100000000001000011011111110000001000000000010000110111111,1052,1016.950
285,199,1111100000010000000000100001101111111000000100000000001000011011111110000001000000000010000110111111,1052,1023.660
286,199,1111100000010000000000100001101111111000000100000000001000011011111110000001000000000010000110111111,1052,1027.665
287,199,1111100000010000000000100001101111111000000100000000001000011011111110000001000000000010000110111111,1052,1018.825
288,199,1111100000010000000000100001101111111000000100000000001000011011111110000001000000000010000110111111,1052,985.900
289,99,1111100100010000000000100001101011111001000100000000001000011010111110010001000000000010000110101111,1089,1026.445
290,124,1111100100010000000000100001101011111001000100000000001000011010111110010001000000000010000110101111,1089,1015.445
291,187,1111100100010000000000100001101011111001000100000000001000011010111110010001000000000010000110101111,1089,1009.450
292,98,1111100100010000000000100001101011111001000100000000001000011010111110010001000000000010000110101111,1089,1029.595
293,199,1111100000010000000000100001101111111000000100000000001000011011111110000001000000000010000110111111,1052,1019.790
294,199,1111100000010000000000100001101111111000000100000000001000011011111110000001000000000010000110111111,1052,1044.295
295,199,1111100000010000000000100001101111111000000100000000001000011011111110000001000000000010000110111111,1052,1023.040
296,199,1111100000010000000000100001101111111000000100000000001000011011111110000001000000000010000110111111,1052,1045.105
297,199,1111100000010000000000100001101111111000000100000000001000011011111110000001000000000010000110111111,1052,1035.730
298,199,1111100000010000000000100001101111111000000100000000001000011011111110000001000000000010000110111111,1052,1041.480
299,199,1111100000010000000000100001101111111000000100000000001000011011111110000001000000000010000110111111,1052,1024.585
300,199,1111100000010000000000100001101111111000000100000000001000011011111110000001000000000010000110111111,1052,1039.615
301,199,1111100000010000000000100001101111111000000100000000001000011011111110000001000000000010000110111111,1052,1040.520
302,199,1111100000010000000000100001101111111000000100000000001000011011111110000001000000000010000110111111,1052,1034.875
303,199,1111100000010000000000100001101111111000000100000000001000011011111110000001000000000010000110111111,1052,1021.785
304,199,1111100000010000000000100001101111111000000100000000001000011011111110000001000000000010000110111111,1052,1020.445
305,199,1111100000010000000000100001101111111000000100000000001000011011111110000001000000000010000110111111,1052,1023.345
306,199,1111100000010000000000100001101111111000000100000000001000011011111110000001000000000010000110111111,1052,1013.275
307,199,1111100000010000000000100001101111111000000100000000001000011011111110000001000000000010000110111111,1052,1023.775
308,198,1111100000010000000000100001101111111000000100000000001000011011111110000001000000000010000110111111,1052,991.190
309,199,1111100000010000000000100001101111111000000100000000001000011011111110000001000000000010000110111111,1052,1030.485
310,199,1111100000010000000000100001101111111000000100000000001000011011111110000001000000000010000110111111,1052,1034.085
311,199,1111100000010000000000100001101111111000000100000000001000011011111110000001000000000010000110111111,1052,1024.020
312,199,1111100000010000000000100001101111111000000100000000001000011011111110000001000000000010000110111111,1052,1021.405
313,199,1111100000010000000000100001101111111000000100000000001000011011111110000001000000000010000110111111,1052,1033.490
314,199,1111100000010000000000100001101111111000000100000000001000011011111110000001000000000010000110111111,1052,1014.650
315,199,1111100000010000000000100001101111111000000100000000001000011011111110000001000000000010000110111111,1052,1025.705
316,199,1111100000010000000000100001101111111000000100000000001000011011111110000001000000000010000110111111,1052,1042.605
317,199,1111100000010000000000100001101111111000000100000000001000011011111110000001000000000010000110111111,1052,1009.920
318,199,1111100000010000000000100001101111111000000100000000001000011011111110000001000000000010000110111111,1052,1037.535
319,199,1111100000010000000000100001101111111000000100000000001000011011111110000001000000000010000110111111,1052,1037.385
320,199,1111100000010000000000100001101111111000000100000000001000011011111110000001000000000010000110111111,1052,1025.215
321,199,1111100000010000000000100001101111111000000100000000001000011011111110000001000000000010000110111111,1052,1032.630
322,198,1111100000010000000000100001101111111000000100000000001000011011111110000001000000000010000110111111,1052,1033.130
323,81,1111100000010010000000100001101011111000000100100000001000011010111110000001001000000010000110101111,1060,1008.730
324,199,1111100000010000000000100001101111111000000100000000001000011011111110000001000000000010000110111111,1052,1032.095
325,199,1111100000010000000000100001101111111000000100000000001000011011111110000001000000000010000110111111,1052,1021.905
326,48,1111100000010000100000100001100111111000000100001000001000011001111110000001000010000010000110011111,1072,1009.335
327,199,1111100000010000000000100001101111111000000100000000001000011011111110000001000000000010000110111111,1052,1003.015
328,198,1111100000010000000000100001101111111000000100000000001000011011111110000001000000000010000110111111,1052,1018.120
329,148,1111100000010000000010100001100111111000000100000000101000011001111110000001000000001010000110011111,1063,1010.500
330,43,1111100000010000000010100001100111111000000100000000101000011001111110000001000000001010000110011111,1063,1002.525
331,181,1111100000010000000010100001100111111000000100000000101000011001111110000001000000001010000110011111,1063,1018.915
332,199,1111100000010000000000100001101111111000000100000000001000011011111110000001000000000010000110111111,1052,1022.050
333,199,1111100000010000000000100001101111111000000100000000001000011011111110000001000000000010000110111111,1052,999.025
334,199,1111100000010000000000100001101111111000000100000000001000011011111110000001000000000010000110111111,1052,1019.730
335,199,1111100000010000000000100001101111111000000100000000001000011011111110000001000000000010000110111111,1052,1024.775
336,199,1111100000010000000000100001101111111000000100000000001000011011111110000001000000000010000110111111,1052,992.365
337,199,1111100000010000000000100001101111111000000100000000001000011011111110000001000000000010000110111111,1052,999.630
338,199,1111100000010000000000100001101111111000000100000000001000011011111110000001000000000010000110111111,1052,1014.970
339,199,1111100000010000000000100001101111111000000100000000001000011011111110000001000000000010000110111111,1052,1017.175
340,199,1111100000010000000000100001101111111000000100000000001000011011111110000001000000000010000110111111,1052,1016.895
341,196,1111100000010000000000100001101111111000000100000000001000011011111110000001000000000010000110111111,1052,1026.750
342,198,1111100000010000000000100001101111111000000100000000001000011011111110000001000000000010000110111111,1052,1026.185
343,198,1111100000010000000000100001101111111000000100000000001000011011111110000001000000000010000110111111,1052,990.175
344,199,1111100000010000000000100001101111111000000100000000001000011011111110000001000000000010000110111111,1052,1019.195
345,197,1111100000010000000000100001101111111000000100000000001000011011111110000001000000000010000110111111,1052,995.870
346,199,1111100000010000000000100001101111111000000100000000001000011011111110000001000000000010000110111111,1052,1006.865
347,198,1111100000010000000000100001101111111000000100000000001000011011111110000001000000000010000110111111,1052,1005.310
348,198,1111100000010000000000100001101111111000000100000000001000011011111110000001000000000010000110111111,1052,1016.710
349,198,1111100000010000000000100001101111111000000100000000001000011011111110000001000000000010000110111111,1052,1025.405
350,199,1111100000010000000000100001101111111000000100000000001000011011111110000001000000000010000110111111,1052,1022.545
351,199,1111100000010000000000100001101111111000000100000000001000011011111110000001000000000010000110111111,1052,995.910
352,113,1111100000010000010000100001101011111000000100000100001000011010111110000001000001000010000110101111,1073,1014.755
353,197,1111100000010000000000100001101111111000000100000000001000011011111110000001000000000010000110111111,1052,1008.150
354,7,1111100001010000000000100010101011111000010100000000001000101010111110000101000000000010001010101111,1095,1019.575
355,144,1111100000010000000000100101101011111000000100000000001001011010111110000001000000000010010110101111,1064,1003.980
356,199,1111100000010000000000100001101111111000000100000000001000011011111110000001000000000010000110111111,1052,996.985
357,2,1111100000010100000000100010101011111000000101000000001000101010111110000001010000000010001010101111,1056,986.555
358,149,1111100001010000000000100010101011111000010100000000001000101010111110000101000000000010001010101111,1095,1006.815
359,83,1111100001010000000000100010101011111000010100000000001000101010111110000101000000000010001010101111,1095,1021.275
360,199,1111100000010000000000100001101111111000000100000000001000011011111110000001000000000010000110111111,1052,1018.415
361,170,1111100001010000000000100010101011111000010100000000001000101010111110000101000000000010001010101111,1095,1015.340
362,72,1111100010010000000000100010101011111000100100000000001000101010111110001001000000000010001010101111,1058,1008.365
363,36,1111110000010000000000100010101011111100000100000000001000101010111111000001000000000010001010101111,1092,1034.310
364,190,1111100010010000000000100010101011111000100100000000001000101010111110001001000000000010001010101111,1058,987.730
365,52,1111100010010000000000100010101011111000100100000000001000101010111110001001000000000010001010101111,1058,1006.770
366,146,1111100010010000000000100010101011111000100100000000001000101010111110001001000000000010001010101111,1058,1025.345
367,199,1111100000010000000000100001101111111000000100000000001000011011111110000001000000000010000110111111,1052,1009.585
368,199,1111100000010000000000100001101111111000000100000000001000011011111110000001000000000010000110111111,1052,1016.935
369,39,1111100000010000000000100101101011111000000100000000001001011010111110000001000000000010010110101111,1064,1017.660
370,190,1111100000010000000000100101101011111000000100000000001001011010111110000001000000000010010110101111,1064,1028.305
371,196,1111100000010000000000100001101111111000000100000000001000011011111110000001000000000010000110111111,1052,1022.390
372,199,1111100000010000000000100001101111111000000100000000001000011011111110000001000000000010000110111111,1052,1008.685
373,199,1111100000010000000000100001101111111000000100000000001000011011111110000001000000000010000110111111,1052,1021.210
374,198,1111100000010000000000100001101111111000000100000000001000011011111110000001000000000010000110111111,1052,1031.160
375,198,1111100000010000000000100001101111111000000100000000001000011011111110000001000000000010000110111111,1052,1015.545
376,199,1111100000010000000000100001101111111000000100000000001000011011111110000001000000000010000110111111,1052,1027.495
377,199,1111100000010000000000100001101111111000000100000000001000011011111110000001000000000010000110111111,1052,1024.285
378,199,1111100000010000000000100001101111111000000100000000001000011011111110000001000000000010000110111111,1052,1042.450
379,199,1111100000010000000000100001101111111000000100000000001000011011111110000001000000000010000110111111,1052,1032.870
380,199,1111100000010000000000100001101111111000000100000000001000011011111110000001000000000010000110111111,1052,1011.015
381,199,1111100000010000000000100001101111111000000100000000001000011011111110000001000000000010000110111111,1052,1018.465
382,199,1111100000010000000000100001101111111000000100000000001000011011111110000001000000000010000110111111,1052,1013.855
383,199,1111100000010000000000100001101111111000000100000000001000011011111110000001000000000010000110111111,1052,1016.430
384,175,1111100000010000010000100001100111111000000100000100001000011001111110000001000001000010000110011111,1061,1005.810
385,121,1111100000010000010000100001100111111000000100000100001000011001111110000001000001000010000110011111,1061,1026.400
386,160,1111100000010000010000100001100111111000000100000100001000011001111110000001000001000010000110011111,1061,1018.515
387,178,1111100000010000010000100001100111111000000100000100001000011001111110000001000001000010000110011111,1061,1012.345
388,196,1111100000010000010000100001100111111000000100000100001000011001111110000001000001000010000110011111,1061,1018.205
389,120,1111100000010000010000100001100111111000000100000100001000011001111110000001000001000010000110011111,1061,1015.100
390,148,1111100000010000010000100001100111111000000100000100001000011001111110000001000001000010000110011111,1061,1014.120
391,24,1111100000010000010000100001100111111000000100000100001000011001111110000001000001000010000110011111,1061,1027.170
392,173,1111100000010000010000100001100111111000000100000100001000011001111110000001000001000010000110011111,1061,989.730
393,49,1111100000010000010000100001100111111000000100000100001000011001111110000001000001000010000110011111,1061,1009.010
394,86,1111100000010000010000100001100111111000000100000100001000011001111110000001000001000010000110011111,1061,1026.505
395,145,1111100000010000010000100001100111111000000100000100001000011001111110000001000001000010000110011111,1061,1012.785
396,199,1111100000010000000000100001101111111000000100000000001000011011111110000001000000000010000110111111,1052,1030.645
397,199,1111100000010000000000100001101111111000000100000000001000011011111110000001000000000010000110111111,1052,1002.900
398,196,1111100000010000000000100001101111111000000100000000001000011011111110000001000000000010000110111111,1052,1025.945
399,199,1111100000010000000000100001101111111000000100000000001000011011111110000001000000000010000110111111,1052,1017.735
400,198,1111100000010000000000100001101111111000000100000000001000011011111110000001000000000010000110111111,1052,1017.180
401,198,1111100000010000000000100001101111111000000100000000001000011011111110000001000000000010000110111111,1052,1022.930
402,199,1111100000010000000000100001101111111000000100000000001000011011111110000001000000000010000110111111,1052,1014.225
403,196,1111100000010000000000100001101111111000000100000000001000011011111110000001000000000010000110111111,1052,1030.735
404,194,1111100000010000000000100001101111111000000100000000001000011011111110000001000000000010000110111111,1052,1020.855
405,199,1111100000010000000000100001101111111000000100000000001000011011111110000001000000000010000110111111,1052,1037.275
406,199,1111100000010000000000100001101111111000000100000000001000011011111110000001000000000010000110111111,1052,1028.700
407,195,1111100000010000000000100001101111111000000100000000001000011011111110000001000000000010000110111111,1052,1028.390
408,155,1111100000000000100000100010101111111000000000001000001000101011111110000000000010000010001010111111,1054,1032.625
409,132,1111100000000000100000100010101111111000000000001000001000101011111110000000000010000010001010111111,1054,1038.320
410,178,1111100000000000100000100010101111111000000000001000001000101011111110000000000010000010001010111111,1054,1027.870
411,77,1111100000000000100000100010101111111000000000001000001000101011111110000000000010000010001010111111,1054,1006.555
412,199,1111100000010000000000100001101111111000000100000000001000011011111110000001000000000010000110111111,1052,1037.310
413,196,1111100000010000000000100001101111111000000100000000001000011011111110000001000000000010000110111111,1052,1031.960
414,199,1111100000010000000000100001101111111000000100000000001000011011111110000001000000000010000110111111,1052,1015.155
415,197,1111100000010000000000100001101111111000000100000000001000011011111110000001000000000010000110111111,1052,1006.320
416,199,1111100000010000000000100001101111111000000100000000001000011011111110000001000000000010000110111111,1052,1022.475
417,198,1111100000010000000000100001101111111000000100000000001000011011111110000001000000000010000110111111,1052,1026.385
418,199,1111100000010000000000100001101111111000000100000000001000011011111110000001000000000010000110111111,1052,1026.630
419,192,1111100000010000000000100001101111111000000100000000001000011011111110000001000000000010000110111111,1052,1021.370
420,117,1111100000010010000000100001101011111000000100100000001000011010111110000001001000000010000110101111,1060,1014.895
421,183,1111100000010000000100100001101011111000000100000001001000011010111110000001000000010010000110101111,1056,1004.720
422,60,1111100000010000000100100001101011111000000100000001001000011010111110000001000000010010000110101111,1056,1019.775
423,167,1111100000010000000100100001101011111000000100000001001000011010111110000001000000010010000110101111,1056,1000.450
424,170,1111100000010000000100100001101011111000000100000001001000011010111110000001000000010010000110101111,1056,1021.440
425,174,1111100000010000000100100001101011111000000100000001001000011010111110000001000000010010000110101111,1056,1011.970
426,157,1111100000010000000100100001101011111000000100000001001000011010111110000001000000010010000110101111,1056,1027.250
427,158,1111100000010000000100100001101011111000000100000001001000011010111110000001000000010010000110101111,1056,1013.040
428,142,1111100000010000000100100001101011111000000100000001001000011010111110000001000000010010000110101111,1056,995.545
429,175,1111100000010000000100100001101011111000000100000001001000011010111110000001000000010010000110101111,1056,1005.855
430,168,1111100000010000000100100001101011111000000100000001001000011010111110000001000000010010000110101111,1056,1023.590
431,192,1111100000010000000100100001101011111000000100000001001000011010111110000001000000010010000110101111,1056,1013.770
432,182,1111100000010000000100100001101011111000000100000001001000011010111110000001000000010010000110101111,1056,1012.895
433,181,1111100000010000000100100001101011111000000100000001001000011010111110000001000000010010000110101111,1056,1016.615
434,191,1111100000010000000100100001101011111000000100000001001000011010111110000001000000010010000110101111,1056,1013.115
435,145,1111100000010000000100100001101011111000000100000001001000011010111110000001000000010010000110101111,1056,983.425
436,156,1111100000010000000100100001101011111000000100000001001000011010111110000001000000010010000110101111,1056,1015.065
437,90,1111100000010000000100100001101011111000000100000001001000011010111110000001000000010010000110101111,1056,1010.545
438,197,1111100000010000000000100000111111111000000100000000001000001111111110000001000000000010000011111111,1069,998.625
439,183,1111100000010000000100100001101011111000000100000001001000011010111110000001000000010010000110101111,1056,986.905
440,72,1111100000010000000100100001101011111000000100000001001000011010111110000001000000010010000110101111,1056,1001.480
441,187,1111100000010000000100100001101011111000000100000001001000011010111110000001000000010010000110101111,1056,1001.330
442,116,1111110000010000000000100000101111111100000100000000001000001011111111000001000000000010000010111111,1092,1011.840
443,183,1111100000010000000100100001101011111000000100000001001000011010111110000001000000010010000110101111,1056,991.415
444,129,1111110000010000000000100000101111111100000100000000001000001011111111000001000000000010000010111111,1092,999.445
445,161,1111110000010000000000100000101111111100000100000000001000001011111111000001000000000010000010111111,1092,1017.945
446,71,1111110000010000000000100000101111111100000100000000001000001011111111000001000000000010000010111111,1092,999.835
447,58,1111110000010000000000100000101111111100000100000000001000001011111111000001000000000010000010111111,1092,1008.975
448,76,1111100000010000000000100000111111111000000100000000001000001111111110000001000000000010000011111111,1069,1010.660
449,134,1111100000010000000000100000111111111000000100000000001000001111111110000001000000000010000011111111,1069,1012.080
450,198,1111100000010000000000100001101111111000000100000000001000011011111110000001000000000010000110111111,1052,1007.850
451,196,1111100000010000000000100001101111111000000100000000001000011011111110000001000000000010000110111111,1052,1011.650
452,192,1111100000010000000000100001101111111000000100000000001000011011111110000001000000000010000110111111,1052,996.995
453,196,1111100000010000000000100001101111111000000100000000001000011011111110000001000000000010000110111111,1052,1004.410
454,54,1111100000010000000000100010110111111000000100000000001000101101111110000001000000000010001011011111,1057,1000.215
455,199,1111100000010000000000100001101111111000000100000000001000011011111110000001000000000010000110111111,1052,1001.175
456,186,1111100000010000000000100001101111111000000100000000001000011011111110000001000000000010000110111111,1052,1009.370
457,194,1111100000010000000000100001101111111000000100000000001000011011111110000001000000000010000110111111,1052,1010.960
458,192,1111100000010000000000100001101111111000000100000000001000011011111110000001000000000010000110111111,1052,992.410
459,195,1111100000010000000000100001101111111000000100000000001000011011111110000001000000000010000110111111,1052,1007.450
460,197,1111100000010000000000100001101111111000000100000000001000011011111110000001000000000010000110111111,1052,990.355
461,199,1111100000010000000000100001101111111000000100000000001000011011111110000001000000000010000110111111,1052,1014.595
462,196,1111100000010000000000100001101111111000000100000000001000011011111110000001000000000010000110111111,1052,993.215
463,198,1111100000010000000000100001101111111000000100000000001000011011111110000001000000000010000110111111,1052,999.725
464,198,1111100000010000000000100001101111111000000100000000001000011011111110000001000000000010000110111111,1052,1008.395
465,199,1111100000010000000000100001101111111000000100000000001000011011111110000001000000000010000110111111,1052,984.350
466,197,1111100000010000000000100001101111111000000100000000001000011011111110000001000000000010000110111111,1052,1022.020
467,196,1111100000010000000000100001101111111000000100000000001000011011111110000001000000000010000110111111,1052,997.400
468,196,1111100000010000000000100001101111111000000100000000001000011011111110000001000000000010000110111111,1052,1012.220
469,197,1111100000010000000000100001101111111000000100000000001000011011111110000001000000000010000110111111,1052,1024.595
470,197,1111100000010000000000100001101111111000000100000000001000011011111110000001000000000010000110111111,1052,1014.730
471,196,1111100000010000000000100001101111111000000100000000001000011011111110000001000000000010000110111111,1052,1024.660
472,198,1111100000010000000000100001101111111000000100000000001000011011111110000001000000000010000110111111,1052,1012.905
473,192,1111100000010000000000100001101111111000000100000000001000011011111110000001000000000010000110111111,1052,1007.695
474,199,1111100000010000000000100001101111111000000100000000001000011011111110000001000000000010000110111111,1052,1027.470
475,196,1111100000010000000000100001101111111000000100000000001000011011111110000001000000000010000110111111,1052,1018.560
476,199,1111100000010000000000100001101111111000000100000000001000011011111110000001000000000010000110111111,1052,1009.295
477,199,1111100000010000000000100001101111111000000100000000001000011011111110000001000000000010000110111111,1052,998.910
478,4,1111100001010000000000100010100111111000010100000000001000101001111110000101000000000010001010011111,1083,1010.090
479,196,1111100000010000000000100001101111111000000100000000001000011011111110000001000000000010000110111111,1052,1024.320
480,199,1111100000010000000000100001101111111000000100000000001000011011111110000001000000000010000110111111,1052,1018.980
481,197,1111100000010000000000100001101111111000000100000000001000011011111110000001000000000010000110111111,1052,1012.790
482,194,1111100000010000000000100001101111111000000100000000001000011011111110000001000000000010000110111111,1052,1011.965
483,76,1111100100000000000000100001101111111001000000000000001000011011111110010000000000000010000110111111,1066,1015.415
484,153,1111100000010000000000100010111011111000000100000000001000101110111110000001000000000010001011101111,1069,1023.545
485,198,1111100000010000000000100001101111111000000100000000001000011011111110000001000000000010000110111111,1052,995.365
486,199,1111100000010000000000100001101111111000000100000000001000011011111110000001000000000010000110111111,1052,1015.705
487,199,1111100000010000000000100001101111111000000100000000001000011011111110000001000000000010000110111111,1052,987.200
488,197,1111100000010000000000100001101111111000000100000000001000011011111110000001000000000010000110111111,1052,988.875
489,195,1111100000010000000000100001101111111000000100000000001000011011111110000001000000000010000110111111,1052,1000.755
490,196,1111100000010000000000100001101111111000000100000000001000011011111110000001000000000010000110111111,1052,1012.070
491,199,1111100000010000000000100001101111111000000100000000001000011011111110000001000000000010000110111111,1052,1015.465
492,103,1111100100010000000000100001001111111001000100000000001000010011111110010001000000000010000100111111,1056,1009.340
493,196,1111100000010000000000100001101111111000000100000000001000011011111110000001000000000010000110111111,1052,1013.840
494,199,1111100000010000000000100001101111111000000100000000001000011011111110000001000000000010000110111111,1052,1027.560
495,198,1111100000010000000000100001101111111000000100000000001000011011111110000001000000000010000110111111,1052,982.980
496,199,1111100000010000000000100001101111111000000100000000001000011011111110000001000000000010000110111111,1052,1019.760
497,197,1111100000010000000000100001101111111000000100000000001000011011111110000001000000000010000110111111,1052,1028.615
498,198,1111100000010000000000100001101111111000000100000000001000011011111110000001000000000010000110111111,1052,1006.465
499,198,1111100000010000000000100001101111111000000100000000001000011011111110000001000000000010000110111111,1052,1018.175
500,